﻿<?xml version="1.0" encoding="UTF-8" standalone="yes"?>
<addon id="repository.weatherclock.pkscout" name="pkscout's weather clock repository" version="1.0.0" provider-name="pkscout">
	<requires>
		<import addon="xbmc.addon" version="17.9.0"/>
	</requires>
	<extension point="xbmc.addon.repository" name="pkscout's weather clock repository">
		<info compressed="true">https://raw.github.com/pkscout/repository.weatherclock.pkscout/leia/addons.xml</info>
		<checksum>https://raw.github.com/pkscout/repository.weatherclock.pkscout/leia/addons.xml.md5</checksum>
		<datadir zip="true">https://raw.github.com/pkscout/repository.weatherclock.pkscout/leia/download</datadir>
		<hashes>false</hashes>
	</extension>
	<extension point="xbmc.addon.metadata">
		<summary lang="en_gb">Install pkscout's Kodi clock</summary>
		<description lang="en_gb">Download and install pkscout's weather clock skin and association weatherstation lite addon.</description>
		<disclaimer></disclaimer>
		<platform>all</platform>
		<nofanart>true</nofanart>
	</extension>
</addon>