<?xml version="1.0" encoding="UTF-8"?>
<window>
	
	<controls>
		<control type="group">
			<left>390</left>
			<top>0</top>
			<width>500</width>
			<height>78</height>
			<include>16x9_xPos_Relocation</include>
			<visible>![Window.IsVisible(Notification) | Window.IsVisible(BusyDialog) | Window.IsVisible(VolumeBar) | Window.IsVisible(1112) | Window.IsVisible(Visualisation) | Window.IsVisible(FullscreenVideo)]</visible>
			<control type="fadelabel" id="30">
				<left>0</left>
				<top>10</top>
				<width>500</width>
				<height>15</height>
				<font>font18_title</font>
				<align>center</align>
				<aligny>center</aligny>
				<scrollout>false</scrollout>
				<pauseatend>2000</pauseatend>
			</control>
			<control type="fadelabel" id="31">
				<left>0</left>
				<top>34</top>
				<width>500</width>
				<height>20</height>
				<font>font20</font>
				<align>center</align>
				<aligny>center</aligny>
				<scrollout>false</scrollout>
				<pauseatend>2000</pauseatend>
			</control>
			<control type="progress" id="32">
				<description>progress control</description>
				<left>0</left>
				<top>72</top>
				<width>500</width>
				<height>6</height>
				<texturebg colordiffuse="grey3">white.png</texturebg>
				<midtexture colordiffuse="blue">white.png</midtexture>
			</control>
		</control>
	</controls>
</window>
