<?xml version="1.0" encoding="UTF-8"?>
<window>
	
	<controls>
		<control type="group">
			<left>390</left>
			<top>0</top>
			<width>500</width>
			<height>78</height>
			<include>16x9_xPos_Relocation</include>
			<visible>![Window.IsVisible(Notification) | Window.IsVisible(VolumeBar) | Window.IsVisible(1112)]</visible>
			<control type="image">
				<description>Busy animation</description>
				<left>20</left>
				<top>10</top>
				<width>58</width>
				<height>58</height>
				<texture>busy.png</texture>
				<aspectratio>keep</aspectratio>
				<animation effect="rotate" start="0" end="360" center="auto" time="1200" loop="true" condition="true">conditional</animation>
			</control>
			<control type="label">
				<description>Busy label</description>
				<left>100</left>
				<top>0</top>
				<width>400</width>
				<height>78</height>
				<align>center</align>
				<aligny>center</aligny>
				<label>$LOCALIZE[31009]</label>
				<font>font25</font>
			</control>
		</control>
	</controls>
</window>
