<?xml version="1.0" encoding="UTF-8"?>
<window>
	<defaultcontrol>11</defaultcontrol>
	<include>16x9_xPos_Relocation</include>
	
	<coordinates>
		<left>140</left>
		<top>20</top>
	</coordinates>
	<controls>
		<control type="image">
			<left>0</left>
			<top>0</top>
			<width>1000</width>
			<height>130</height>
			<texture>back.png</texture>
		</control>
		<control type="group">
			<left>930</left>
			<top>0</top>
			<include>DialogCloseButtonCommons</include>
		</control>
		<control type="label" id="10">
			<description>Dialog header</description>
			<left>40</left>
			<top>10</top>
			<width>880</width>
			<height>20</height>
			<aligny>center</aligny>
			<font>font30</font>
		</control>
		<control type="label" id="12">
			<description>Slider Value</description>
			<left>40</left>
			<top>10</top>
			<width>880</width>
			<height>20</height>
			<align>right</align>
			<aligny>center</aligny>
			<font>font30</font>
		</control>
		<control type="slider" id="11">
			<description>Slider</description>
			<left>40</left>
			<top>65</top>
			<width>880</width>
			<height>60</height>
			<onup>11</onup>
			<ondown>11</ondown>
			<onleft>11</onleft>
			<onright>11</onright>
		</control>
	</controls>
</window>
