<?xml version="1.0" encoding="UTF-8"?>
<window>
	<defaultcontrol>61</defaultcontrol>
	<include>16x9_xPos_Relocation</include>
	
	<coordinates>
		<left>140</left>
		<top>80</top>
	</coordinates>
	<controls>
		<include>BehindDialogFadeOut</include>
		<control type="image">
			<left>0</left>
			<top>0</top>
			<width>1000</width>
			<height>60</height>
			<texture border="5">dialog_header.png</texture>
		</control>
		<control type="label" id="1">
			<description>header label</description>
			<left>20</left>
			<top>0</top>
			<include>WindowTitleCommons</include>
			<width>910</width>
			<label></label>
		</control>
		<control type="group">
			<left>930</left>
			<top>0</top>
			<include>DialogCloseButtonCommons</include>
		</control>
		<control type="image">
			<left>0</left>
			<top>60</top>
			<width>1000</width>
			<height>740</height>
			<texture>dialog_back.png</texture>
		</control>
		<control type="textbox" id="5">
			<description>textarea</description>
			<left>20</left>
			<top>60</top>
			<width>900</width>
			<height>720</height>
			<label></label>
			<font>font20</font>
			<align>justify</align>
			<pagecontrol>61</pagecontrol>
		</control>
		<control type="scrollbar" id="61">
			<left>952</left>
			<top>90</top>
			<width>26</width>
			<height>660</height>
			<texturesliderbackground colordiffuse="30FFFFFF">white.png</texturesliderbackground>
			<texturesliderbar colordiffuse="grey">white.png</texturesliderbar>
			<texturesliderbarfocus colordiffuse="blue">white.png</texturesliderbarfocus>
			<textureslidernib>blank.png</textureslidernib>
			<textureslidernibfocus>blank.png</textureslidernibfocus>
			<onleft>61</onleft>
			<onright>61</onright>
			<ondown>61</ondown>
			<onup>61</onup>
			<showonepage>true</showonepage>
			<orientation>vertical</orientation>
		</control>
	</controls>
</window>
