<?xml version="1.0" encoding="UTF-8"?>
<addon id="skin.weatherclock" version="0.7.0" name="Weather Clock" provider-name="pkscout">
	<requires>
		<import addon="xbmc.gui" version="5.14.0"/>
        <import addon="script.weatherstation.lite" version="1.0.0" />
	</requires>
	<extension point="xbmc.gui.skin" debugging="false">
		<res width="1706" height="960" aspect="16:9" default="true" folder="xml"/>
	</extension>
	<extension point="xbmc.addon.metadata">
		<news>
v.0.7.0
- fixes for issues on really small screens
		</news>
		<summary lang="en_GB">A skin that turns Kodi into a simple weather clock</summary>
		<description lang="en_GB">A skin designed to be used on a touchscreen device like the Raspberry Pi with touchscreen that converts Kodi into a simple weather clock. This is a HEAVILY modified and stripped down version of Estouchy.</description>
		<platform>all</platform>
		<license>Creative Commons Attribution-Share Alike 3.0 United States</license>
		<forum></forum>
		<website></website>
		<email></email>
		<source>https://github.com/pkscout/skin.weatherclock</source>
		<assets>
			<icon>resources/icon.png</icon>
			<fanart>resources/screenshot-01.jpg</fanart>
			<screenshot>resources/screenshot-01.jpg</screenshot>
			<screenshot>resources/screenshot-02.jpg</screenshot>
			<screenshot>resources/screenshot-03.jpg</screenshot>
			<screenshot>resources/screenshot-04.jpg</screenshot>
		</assets>
	</extension>
</addon>
