<?xml version="1.0" encoding="UTF-8"?>
<window>
	<defaultcontrol>5</defaultcontrol>
	<include>16x9_xPos_Relocation</include>
	
	<coordinates>
		<left>140</left>
		<top>80</top>
	</coordinates>
	<controls>
		<control type="group">
			<include>BehindDialogFadeOut</include>
			<visible>!Window.IsVisible(sliderdialog)</visible>
			<control type="image">
				<left>0</left>
				<top>0</top>
				<width>1000</width>
				<height>60</height>
				<texture border="5">dialog_header.png</texture>
			</control>
			<control type="image">
				<left>0</left>
				<top>60</top>
				<width>1000</width>
				<height>740</height>
				<texture>dialog_back.png</texture>
			</control>
			<control type="label" id="2">
				<left>20</left>
				<top>0</top>
				<include>WindowTitleCommons</include>
				<width>910</width>
				<label></label>
			</control>
			<control type="group">
				<left>930</left>
				<top>0</top>
				<include>DialogCloseButtonCommons</include>
			</control>
			<control type="grouplist" id="5">
				<left>0</left>
				<top>60</top>
				<width>974</width>
				<height>630</height>
				<itemgap>-1</itemgap>
				<pagecontrol>60</pagecontrol>
				<onleft>60</onleft>
				<onright>60</onright>
				<onup>5</onup>
				<ondown>9000</ondown>
			</control>
			<control type="scrollbar" id="60">
				<left>974</left>
				<top>90</top>
				<width>26</width>
				<height>570</height>
				<texturesliderbackground colordiffuse="30FFFFFF">white.png</texturesliderbackground>
				<texturesliderbar colordiffuse="grey">white.png</texturesliderbar>
				<texturesliderbarfocus colordiffuse="blue">white.png</texturesliderbarfocus>
				<textureslidernib>blank.png</textureslidernib>
				<textureslidernibfocus>blank.png</textureslidernibfocus>
				<onleft>5</onleft>
				<onright>5</onright>
				<showonepage>false</showonepage>
				<orientation>vertical</orientation>
				<animation effect="fade" time="150">Visible</animation>
				<animation effect="fade" time="150">Hidden</animation>
			</control>
			<control type="button" id="7">
				<left>0</left>
				<top>0</top>
				<height>70</height>
				<font>font25</font>
			</control>
			<control type="radiobutton" id="8">
				<left>0</left>
				<top>0</top>
				<height>70</height>
				<font>font25</font>
			</control>
			<control type="spincontrolex" id="9">
				<left>0</left>
				<top>0</top>
				<height>70</height>
				<font>font25</font>
				<aligny>center</aligny>
				<reverse>yes</reverse>
			</control>
			<control type="image" id="11">
				<height>2</height>
				<texture border="2">separator.png</texture>
			</control>
			<control type="edit" id="12">
				<height>70</height>
				<font>font25</font>
			</control>
			<control type="sliderex" id="13">
				<height>70</height>
				<font>font25</font>
				<textwidth>400</textwidth>
			</control>
			<control type="label" id="14">
				<left>0</left>
				<top>0</top>
				<height>70</height>
				<font>font25</font>
				<align>center</align>
				<aligny>center</aligny>
			</control>
			<control type="grouplist" id="9000">
				<left>0</left>
				<top>720</top>
				<width>1000</width>
				<height>60</height>
				<itemgap>5</itemgap>
				<align>center</align>
				<orientation>horizontal</orientation>
				<onleft>9000</onleft>
				<onright>9000</onright>
				<onup>5</onup>
				<ondown>5</ondown>
				<control type="button" id="28">
					<description>OK Button</description>
					<width>200</width>
					<include>ButtonInfoDialogsCommonValues</include>
					<label></label>
				</control>
				<control type="button" id="29">
					<description>Cancel Button</description>
					<width>200</width>
					<include>ButtonInfoDialogsCommonValues</include>
					<label></label>
				</control>
				<control type="button" id="30">
					<description>Custom Button</description>
					<width>200</width>
					<include>ButtonInfoDialogsCommonValues</include>
					<label></label>
				</control>
			</control>
		</control>
	</controls>
</window>
