<?xml version="1.0" encoding="UTF-8"?>
<window>
	<onload condition="Window.IsVisible(yesnodialog)">SetFocus(10)</onload>
	<coordinates>
		<left>290</left>
		<top>300</top>
	</coordinates>
	<include>16x9_xPos_Relocation</include>
	
	<controls>
		<include>BehindDialogFadeOut</include>
		<control type="image">
			<left>0</left>
			<top>0</top>
			<width>700</width>
			<height>60</height>
			<texture border="5">dialog_header.png</texture>
		</control>
		<control type="group">
			<left>630</left>
			<top>0</top>
			<include>DialogCloseButtonCommons</include>
		</control>
		<control type="label" id="1">
			<description>header label</description>
			<left>20</left>
			<top>0</top>
			<include>WindowTitleCommons</include>
			<width>600</width>
		</control>
		<control type="image">
			<description>Background</description>
			<left>0</left>
			<top>60</top>
			<width>700</width>
			<height>250</height>
			<texture>dialog_back.png</texture>
		</control>
		<control type="textbox" id="9">
			<left>20</left>
			<top>72</top>
			<width>660</width>
			<height>138</height>
			<label></label>
			<font>font22</font>
		</control>
		<control type="progress" id="20">
			<description>Progressbar</description>
			<left>20</left>
			<top>210</top>
			<width>660</width>
			<height>10</height>
			<info>System.Progressbar</info>
		</control>
		<include condition="!Window.IsVisible(yesnodialog)">YesNoExtendedButtons</include>
		<include condition="Window.IsVisible(yesnodialog)">YesNoDefaultButtons</include>
	</controls>
</window>
