<?xml version="1.0" encoding="UTF-8"?>
<includes>
	<include name="RobotoFont">
	<!-- Clock Fonts -->
		<font>
			<name>big_time</name>
			<filename>Roboto-Bold.ttf</filename>
			<size>600</size>
		</font>
		<font>
			<name>big_date</name>
			<filename>Roboto-Regular.ttf</filename>
			<size>50</size>
		</font>
		<font>
			<name>big_temperature</name>
			<filename>Roboto-Bold.ttf</filename>
			<size>160</size>
			<linespacing>0.90</linespacing>
		</font>
		<font>
			<name>big_forecast</name>
			<filename>Roboto-Regular.ttf</filename>
			<size>90</size>
		</font>
		<font>
			<name>ws_widget</name>
			<filename>Roboto-Regular.ttf</filename>
			<size>50</size>
		</font>
		<font>
			<name>ws_widget_large</name>
			<filename>Roboto-Regular.ttf</filename>
			<size>120</size>
		</font>
	<!-- Normal Fonts -->
		<font>
			<name>font13</name>
			<filename>Roboto-Regular.ttf</filename>
			<size>24</size>
		</font>
		<font>
			<name>font16</name>
			<filename>Roboto-Regular.ttf</filename>
			<size>16</size>
		</font>
		<font>
			<name>font20</name>
			<filename>Roboto-Regular.ttf</filename>
			<size>20</size>
		</font>
		<font>
			<name>font22</name>
			<filename>Roboto-Regular.ttf</filename>
			<size>22</size>
		</font>
		<font>
			<name>font24</name>
			<filename>Roboto-Regular.ttf</filename>
			<size>24</size>
		</font>
		<font>
			<name>font25</name>
			<filename>Roboto-Regular.ttf</filename>
			<size>25</size>
		</font>
		<font>
			<name>font30</name>
			<filename>Roboto-Regular.ttf</filename>
			<size>30</size>
		</font>
		<font>
			<name>font40</name>
			<filename>Roboto-Regular.ttf</filename>
			<size>40</size>
		</font>
	<!-- Title Fonts -->
		<font>
			<name>font11_title</name>
			<filename>Roboto-Regular.ttf</filename>
			<size>11</size>
			<style>bold</style>
		</font>
		<font>
			<name>font14_title</name>
			<filename>Roboto-Regular.ttf</filename>
			<size>14</size>
			<style>bold</style>
		</font>
		<font>
			<name>font18_title</name>
			<filename>Roboto-Regular.ttf</filename>
			<size>18</size>
			<style>bold</style>
		</font>
		<font>
			<name>font20_title</name>
			<filename>Roboto-Regular.ttf</filename>
			<size>20</size>
			<style>bold</style>
		</font>
		<font>
			<name>font24_title</name>
			<filename>Roboto-Regular.ttf</filename>
			<size>24</size>
			<style>bold</style>
		</font>
		<font>
			<name>font28_title</name>
			<filename>Roboto-Regular.ttf</filename>
			<size>28</size>
			<style>bold</style>
		</font>
		<font>
			<name>font30_title</name>
			<filename>Roboto-Regular.ttf</filename>
			<size>30</size>
			<style>bold</style>
		</font>
		<font>
			<name>font35_title</name>
			<filename>Roboto-Regular.ttf</filename>
			<size>35</size>
			<style>bold</style>
		</font>
		<font>
			<name>font70_title</name>
			<filename>Roboto-Regular.ttf</filename>
			<size>70</size>
			<style>lighten</style>
		</font>
		<font>
			<name>font80_title</name>
			<filename>Roboto-Regular.ttf</filename>
			<size>80</size>
			<style>bold</style>
		</font>
		<font>
			<name>font20_narrow</name>
			<filename>Roboto-Regular.ttf</filename>
			<size>20</size>
			<linespacing>0.80</linespacing>
		</font>
	</include>
</includes>