<?xml version="1.0" encoding="UTF-8"?>
<window type="window" id="1121">
	<defaultcontrol always="true">15100</defaultcontrol>
	<coordinates>
		<left>0</left>
		<top>0</top>
	</coordinates>
	<menucontrol>10000</menucontrol>
	<controls>
		<include>CommonBackground</include>
		<include>Header</include>
		<control type="group">
			<description>Weather info</description>
			<top>80</top>
			<left>600r</left>
			<control type="label">
				<top>100</top>
				<aligny>center</aligny>
				<height>100</height>
				<width>500</width>
				<align>center</align>
				<textcolor>outdoortemp</textcolor>
				<font>big_temperature</font>
				<label>$INFO[Weather.Temperature]</label>
			</control>
			<control type="label">
				<top>235</top>
				<align>center</align>
				<label>$LOCALIZE[402]: [COLOR outdoortemp]$INFO[Window(weather).Property(Current.FeelsLike)]$INFO[System.TemperatureUnits][/COLOR][CR]$INFO[Weather.Conditions]</label>
				<textcolor>mainclock</textcolor>
				<font>ws_widget</font>
				<width>500</width>
			</control>
			<control type="image">
				<description>current weather icon</description>
				<top>340</top>
				<width>500</width>
				<height>500</height>
				<texture>$VAR[CurrentConditionIcon]</texture>
				<aspectratio>keep</aspectratio>
			</control>
		</control>
		<control type="group">
			<top>120</top>
			<control type="grouplist">
				<top>-30</top>
				<left>175</left>
				<width>1200</width>
				<itemgap>10</itemgap>
				<orientation>horizontal</orientation>
				<include content="WeatherStationIcon">
					<param name="label" value="Window(weather).Property(Current.Wind)" />
					<param name="texture" value="weather/icons/wind.png" />
					<param name="header" value="$LOCALIZE[404]" />
					<param name="color" value="wind" />
				</include>
				<include content="WeatherStationIcon">
					<param name="label" value="Window(weather).Property(Current.Humidity)" />
					<param name="texture" value="weather/icons/humidity.png" />
					<param name="header" value="$LOCALIZE[406]" />
					<param name="color" value="humidity" />
				</include>
			</control>
			<control type="grouplist">
				<top>420</top>
				<left>175</left>
				<itemgap>10</itemgap>
				<orientation>horizontal</orientation>
				<include content="WeatherStationIcon">
					<param name="label" value="Window(weather).Property(Today.Sunrise)" />
					<param name="texture" value="weather/icons/sunrise.png" />
					<param name="header" value="$LOCALIZE[405]" />
					<param name="color" value="sunrise" />
				</include>
				<include content="WeatherStationIcon">
					<param name="label" value="Window(weather).Property(Today.Sunset)" />
					<param name="texture" value="weather/icons/sunset.png" />
					<param name="header" value="$LOCALIZE[403]" />
					<param name="color" value="sunset" />
				</include>
			</control>
		</control>
		<include>WeatherStationOverlay</include>
	</controls>
</window>
