<colors>
	<!-- colors for settings area -->
	<color name="white">FFF0F0F0</color>
	<color name="lightgrey">FFD0D0D0</color>
	<color name="grey">FFA0A0A0</color>
	<color name="grey2">FF777777</color>
	<color name="grey3">FF2C2C2C</color>
	<color name="black">FF000000</color>
	<color name="blue">FF12B2E7</color>
	<color name="selected">FF11E7B1</color>

	<!-- colors for main clock display -->
	<color name="mainclock">FFFFFFFF</color>
	<color name="indoortemp">FFBDB76B</color>
	<color name="indoorhumidity">FFBDB76B</color>
	<color name="outdoortemp">FF008001</color>
	<color name="outdoorhumidity">FF008001</color>
	<color name="hightemp">FFFE0000</color>
	<color name="lowtemp">FF1F90FF</color>
	<color name="sunrise">FFFEFACD</color>
	<color name="sunset">FFFA8171</color>
	<color name="wind">FFDAA521</color>
	<color name="pressure">FFFFFFF</color>	
	<color name="humidity">FFADD9E6</color>	
</colors>
