<?xml version="1.0" encoding="UTF-8"?>
<window>
	<defaultcontrol>91</defaultcontrol>
	<controls>
		<include>CommonBackground</include>
		<include>Header</include>
		<control type="group">
			
			<left>0</left>
			<top>0</top>
			<control type="image">
				<description>Menu Panel</description>
				<left>-5</left>
				<top>-5</top>
				<width>400</width>
				<height>970</height>
				<texture>panel.png</texture>
				<bordertexture border="6">panel_shadow.png</bordertexture>
				<bordersize>5</bordersize>
			</control>
			<control type="grouplist" id="9">
				<description>button area</description>
				<left>0</left>
				<top>130</top>
				<width>390</width>
				<height>720</height>
				<itemgap>-1</itemgap>
				<onleft>9</onleft>
				<onright>9</onright>
				<onup>2</onup>
				<ondown>2</ondown>
				<control type="button" id="91">
					<description>Weather Button</description>
					<width>390</width>
					<height>80</height>
					<aligny>center</aligny>
					<font>font24_title</font>
					<textcolor>white</textcolor>
					<texturefocus>list_focus.png</texturefocus>
					<texturenofocus></texturenofocus>
					<pulseonselect>false</pulseonselect>
					<label>Weather</label>
					<textoffsetx>20</textoffsetx>
					<onfocus>Skin.SetString(SkinSettings,1)</onfocus>
				</control>
			</control>
			<include content="SkinSettingsContent" condition="String.IsEqual(Skin.AspectRatio,16:9)">
				<param name="panel-width">1316</param>
				<param name="textbox-width">1286</param>
			</include>
			<include content="SkinSettingsContent" condition="String.IsEqual(Skin.AspectRatio,4:3)">
				<param name="panel-width">890</param>
				<param name="textbox-width">860</param>
			</include>
		</control>
	</controls>
</window>
