<?xml version="1.0" encoding="UTF-8"?>
<window>
	
	<controls>
		<control type="group">
			<left>390</left>
			<top>0</top>
			<width>500</width>
			<height>78</height>
			<include>16x9_xPos_Relocation</include>
			<control type="image" id="400">
				<description>Icon</description>
				<left>20</left>
				<top>10</top>
				<width>58</width>
				<height>58</height>
				<aspectratio>keep</aspectratio>
			</control>
			<control type="fadelabel" id="401">
				<description>Line 1 Label</description>
				<left>78</left>
				<top>20</top>
				<width>422</width>
				<height>15</height>
				<font>font18_title</font>
				<align>center</align>
				<aligny>center</aligny>
				<scrollout>false</scrollout>
				<pauseatend>2000</pauseatend>
			</control>
			<control type="fadelabel" id="402">
				<description>Line 2 Label</description>
				<left>78</left>
				<top>42</top>
				<width>422</width>
				<height>20</height>
				<font>font20</font>
				<align>center</align>
				<aligny>center</aligny>
				<scrollout>false</scrollout>
				<pauseatend>2000</pauseatend>
			</control>
		</control>
	</controls>
</window>
