<?xml version="1.0" encoding="UTF-8"?>
<window>
	<defaultcontrol always="true">450</defaultcontrol>
	<include>16x9_xPos_Relocation</include>
	<include>Window_OpenClose_Animation_Zoom</include>
	<coordinates>
		<left>280</left>
		<top>85</top>
	</coordinates>
	<controls>
		<include>BehindDialogFadeOut</include>
		<control type="image">
			<left>0</left>
			<top>0</top>
			<width>720</width>
			<height>60</height>
			<texture border="5">dialog_header.png</texture>
		</control>
		<control type="image">
			<left>0</left>
			<top>60</top>
			<width>720</width>
			<height>730</height>
			<texture>dialog_back.png</texture>
		</control>
		<control type="label">
			<description>header label</description>
			<left>20</left>
			<top>0</top>
			<include>WindowTitleCommons</include>
			<width>600</width>
			<label>$LOCALIZE[1023]</label>
		</control>
		<control type="group">
			<left>650</left>
			<top>0</top>
			<include>DialogCloseButtonCommons</include>
		</control>
		<control type="image">
			<left>0</left>
			<top>60</top>
			<width>670</width>
			<height>640</height>
			<texture colordiffuse="40000000">panel.png</texture>
		</control>
		<control type="list" id="450">
			<left>0</left>
			<top>60</top>
			<width>670</width>
			<height>640</height>
			<onup>450</onup>
			<onleft>450</onleft>
			<onright>450</onright>
			<ondown>450</ondown>
			<pagecontrol>60</pagecontrol>
			<scrolltime>200</scrolltime>
			<itemlayout width="670" height="80">
				<control type="label">
					<left>20</left>
					<top>0</top>
					<width>570</width>
					<height>80</height>
					<font>font22</font>
					<align>left</align>
					<aligny>center</aligny>
					<selectedcolor>selected</selectedcolor>
					<label>$INFO[ListItem.Label]</label>
				</control>
				<control type="image">
					<left>595</left>
					<top>5</top>
					<width>70</width>
					<height>70</height>
					<aspectratio align="right">keep</aspectratio>
					<texture>$INFO[ListItem.Icon]</texture>
				</control>
			</itemlayout>
			<focusedlayout width="670" height="80">
				<control type="image">
					<left>0</left>
					<top>0</top>
					<width>670</width>
					<height>80</height>
					<texture>list_focus.png</texture>
				</control>
				<control type="label">
					<left>20</left>
					<top>0</top>
					<width>570</width>
					<height>80</height>
					<font>font22</font>
					<align>left</align>
					<aligny>center</aligny>
					<selectedcolor>selected</selectedcolor>
					<label>$INFO[ListItem.Label]</label>
				</control>
				<control type="image">
					<left>595</left>
					<top>5</top>
					<width>70</width>
					<height>70</height>
					<aspectratio align="right">keep</aspectratio>
					<texture>$INFO[ListItem.Icon]</texture>
				</control>
			</focusedlayout>
		</control>
		<control type="scrollbar" id="60">
			<left>682</left>
			<top>90</top>
			<width>26</width>
			<height>560</height>
			<texturesliderbackground colordiffuse="30FFFFFF">white.png</texturesliderbackground>
			<texturesliderbar colordiffuse="grey">white.png</texturesliderbar>
			<texturesliderbarfocus colordiffuse="blue">white.png</texturesliderbarfocus>
			<textureslidernib>blank.png</textureslidernib>
			<textureslidernibfocus>blank.png</textureslidernibfocus>
			<onleft>3</onleft>
			<onright>3</onright>
			<ondown>60</ondown>
			<onup>60</onup>
			<showonepage>false</showonepage>
			<orientation>vertical</orientation>
			<animation effect="fade" time="150">Visible</animation>
			<animation effect="fade" time="150">Hidden</animation>
			<visible>Control.IsVisible(450)</visible>
		</control>
		<control type="panel" id="451">
			<left>10</left>
			<top>80</top>
			<width>660</width>
			<height>620</height>
			<onleft>9000</onleft>
			<onright>61</onright>
			<onup>451</onup>
			<ondown>451</ondown>
			<pagecontrol>61</pagecontrol>
			<scrolltime>200</scrolltime>
			<itemlayout height="310" width="330">
				<control type="image">
					<left>35</left>
					<top>0</top>
					<width>260</width>
					<height>260</height>
					<texture background="true">$INFO[ListItem.Icon]</texture>
					<aspectratio>keep</aspectratio>
				</control>
				<control type="label">
					<left>10</left>
					<top>270</top>
					<width>300</width>
					<height>20</height>
					<font>font20</font>
					<selectedcolor>selected</selectedcolor>
					<align>center</align>
					<aligny>center</aligny>
					<label>$INFO[ListItem.Label]</label>
				</control>
			</itemlayout>
			<focusedlayout height="310" width="330">
				<control type="image">
					<left>35</left>
					<top>0</top>
					<width>260</width>
					<height>260</height>
					<texture background="true">$INFO[ListItem.Icon]</texture>
					<aspectratio>keep</aspectratio>
				</control>
				<control type="image">
					<left>35</left>
					<top>0</top>
					<width>260</width>
					<height>260</height>
					<texture border="5">thumb_focus.png</texture>
				</control>
				<control type="label">
					<left>10</left>
					<top>270</top>
					<width>300</width>
					<height>20</height>
					<font>font20</font>
					<selectedcolor>selected</selectedcolor>
					<align>center</align>
					<aligny>center</aligny>
					<label>$INFO[ListItem.Label]</label>
				</control>
			</focusedlayout>
		</control>
		<control type="scrollbar" id="61">
			<left>687</left>
			<top>100</top>
			<width>26</width>
			<height>560</height>
			<texturesliderbackground colordiffuse="30FFFFFF">white.png</texturesliderbackground>
			<texturesliderbar colordiffuse="grey">white.png</texturesliderbar>
			<texturesliderbarfocus colordiffuse="blue">white.png</texturesliderbarfocus>
			<textureslidernib>blank.png</textureslidernib>
			<textureslidernibfocus>blank.png</textureslidernibfocus>
			<onleft>3</onleft>
			<onright>3</onright>
			<ondown>60</ondown>
			<onup>60</onup>
			<showonepage>false</showonepage>
			<orientation>vertical</orientation>
			<animation effect="fade" time="150">Visible</animation>
			<animation effect="fade" time="150">Hidden</animation>
			<visible>Control.IsVisible(451)</visible>
		</control>
		<control type="grouplist" id="9000">
			<left>0</left>
			<top>720</top>
			<width>720</width>
			<height>60</height>
			<itemgap>5</itemgap>
			<align>center</align>
			<orientation>horizontal</orientation>
			<onleft>9000</onleft>
			<onright>9000</onright>
			<onup>50</onup>
			<ondown>49</ondown>
			<control type="button" id="413">
				<description>OK button</description>
				<width>148</width>
				<include>ButtonInfoDialogsCommonValues</include>
				<label>186</label>
			</control>
			<control type="button" id="414">
				<description>Cancel button</description>
				<width>148</width>
				<include>ButtonInfoDialogsCommonValues</include>
				<label>222</label>
			</control>
			<control type="button" id="415">
				<description>Create folder button</description>
				<include>ButtonInfoDialogsCommonValues</include>
				<label>119</label>
			</control>
			<control type="radiobutton" id="416">
				<description>Flip Image button</description>
				<width>220</width>
				<align>left</align>
				<textoffsetx>5</textoffsetx>
				<radioleft>145</radioleft>
				<include>ButtonInfoDialogsCommonValues</include>
				<label>749</label>
			</control>
		</control>
	</controls>
</window>
