<colors>
	<!-- colors for settings area -->
	<color name="white">FFF0F0F0</color>
	<color name="lightgrey">FFD0D0D0</color>
	<color name="grey">FFA0A0A0</color>
	<color name="grey2">FF777777</color>
	<color name="grey3">FF2C2C2C</color>
	<color name="black">FF000000</color>
	<color name="blue">FF12B2E7</color>
	<color name="selected">FF11E7B1</color>

	<!-- colors for main clock display -->
	<color name="mainclock">D0FFFFFF</color>
	<color name="indoortemp">D0FFFFFF</color>
	<color name="indoorhumidity">D0FFFFFF</color>
	<color name="outdoortemp">D0FFFFFF</color>
	<color name="outdoorhumidity">D0FFFFFF</color>
	<color name="hightemp">D0FFFFFF</color>
	<color name="lowtemp">D0FFFFFF</color>
	<color name="sunrise">D0FFFFFF</color>
	<color name="sunset">D0FFFFFF</color>
	<color name="wind">D0FFFFFF</color>
	<color name="pressure">D0FFFFFF</color>	
	<color name="humidity">D0FFFFFF</color>	
</colors>
