<?xml version="1.0" encoding="UTF-8"?>
<window type="window" id="1122">
	<defaultcontrol always="true">15100</defaultcontrol>
	<coordinates>
		<left>0</left>
		<top>0</top>
	</coordinates>
	<menucontrol>10000</menucontrol>
	<controls>
		<include>CommonBackground</include>
		<include>Header</include>
		<control type="grouplist">
			<orientation>vertical</orientation>
			<top>150</top>
			<control type="group">
				<description>Wether info icons</description>
				<height>256</height>
				<control type="image">
					<left>400</left>
					<width>256</width>
					<height>256</height>
					<texture colordiffuse="indoortemp">weather/icons/temperature.png</texture>
				</control>
				<control type="image">
					<left>656r</left>
					<width>256</width>
					<height>256</height>
					<texture colordiffuse="humidity">weather/icons/humidity.png</texture>
				</control>
			</control>
			<control type="group">
				<description>Weather info</description>
				<height>200</height>
				<control type="label">
					<description>current indoor temp</description>
					<left>350</left>
					<width>600</width>
					<align>left</align>
					<font>big_temperature</font>
					<textcolor>indoortemp</textcolor>
					<label>$INFO[Window(weather).Property(IndoorTemp)]$INFO[System.TemperatureUnits]</label>
				</control>
				<control type="label">
					<description>current indoor humidity</description>
					<left>950r</left>
					<width>600</width>
					<align>right</align>
					<font>big_temperature</font>
					<textcolor>humidity</textcolor>
					<label>$INFO[Window(weather).Property(IndoorHumidity)]</label>
				</control>
			</control>
			<control type="group">
				<height>230</height>
				<control type="label">
					<description>current indoor pressure</description>
					<left>350</left>>
					<width>1200</width>
					<font>big_temperature</font>
					<textcolor>pressure</textcolor>
					<label>$INFO[Window(weather).Property(IndoorPressure)]</label>
				</control>
				<control type="group">
					<left>245</left>
					<top>60</top>
					<control type="image">
						<visible>String.IsEqual(Window(weather).Property(PressureTrend),rising)</visible>
						<top>25</top>
						<width>85</width>
						<height>50</height>
						<texture colordiffuse="pressure">arrow_up.png</texture>
					</control>
					<control type="group">
						<visible>String.IsEqual(Window(weather).Property(PressureTrend),rapidly rising)</visible>
						<control type="image">
							<width>85</width>
							<height>50</height>
							<texture colordiffuse="pressure">arrow_up.png</texture>
						</control>
						<control type="image">
						    <top>55</top>
							<width>85</width>
							<height>50</height>
							<texture colordiffuse="pressure">arrow_up.png</texture>
						</control>
					</control>
					<control type="image">
						<visible>String.IsEqual(Window(weather).Property(PressureTrend),falling)</visible>
						<top>25</top>
						<width>85</width>
						<height>50</height>
						<texture flipy="true" colordiffuse="pressure">arrow_up.png</texture>
					</control>
					<control type="group">
						<visible>String.IsEqual(Window(weather).Property(PressureTrend),rapidly falling)</visible>
						<control type="image">
							<width>85</width>
							<height>50</height>
							<texture flipy="true" colordiffuse="pressure">arrow_up.png</texture>
						</control>
						<control type="image">
						    <top>55</top>
							<width>85</width>
							<height>50</height>
							<texture flipy="true" colordiffuse="pressure">arrow_up.png</texture>
						</control>
					</control>
				</control>
			</control>
		</control>
		<include>WeatherStationOverlay</include>
	</controls>
</window>
