<?xml version="1.0" encoding="UTF-8"?>
<includes>
	<include name="Thumbnail">
		<control type="panel" id="50">
			<left>130</left>
			<top>115</top>
			<width>$PARAM[panel-width]</width>
			<height>750</height>
			<onleft>2</onleft>
			<onright>60</onright>
			<onup>50</onup>
			<ondown>50</ondown>
			<viewtype label="21371">list</viewtype>
			<pagecontrol>60</pagecontrol>
			<scrolltime>200</scrolltime>
			<preloaditems>4</preloaditems>
			<animation effect="slide" start="0,0" end="-1,0" time="0" condition="String.IsEqual(Skin.AspectRatio,4:3)">Conditional</animation>
			<animation effect="slide" start="0,0" end="-1,0" time="0" condition="String.IsEqual(Skin.AspectRatio,16:9) + Container.Content(Episodes)">Conditional</animation>
			<animation effect="slide" start="0,0" end="28,0" time="0" condition="String.IsEqual(Skin.AspectRatio,4:3) + Container.Content(Episodes)">Conditional</animation>
			<itemlayout condition="!Container.Content(Movies) + !Container.Content(Seasons) + !Container.Content(Episodes) + !Container.Content(TVShows) + !Container.Content(MusicVideos) + !Container.Content(Videos)" height="250" width="218">
				<control type="image">
					<left>5</left>
					<top>0</top>
					<width>210</width>
					<height>255</height>
					<texture>button_nofocus.png</texture>
					<bordertexture border="6">panel_shadow.png</bordertexture>
					<bordersize>5</bordersize>
				</control>
				<control type="image">
					<left>10</left>
					<top>5</top>
					<width>200</width>
					<height>200</height>
					<texture background="true">$INFO[Listitem.Icon]</texture>
					<aspectratio>scale</aspectratio>
					<visible>Container.Content(Artists) | Container.Content(Albums) | Container.Content(Songs) | Container.Content(Addons) | Container.Content(Games) | Container.Content(Images) | Container.Content(Actors) | Container.Content(Sets)</visible>
				</control>
				<control type="image">
					<left>67</left>
					<top>62</top>
					<width>86</width>
					<height>86</height>
					<texture background="true">$INFO[Listitem.Icon]</texture>
					<aspectratio>keep</aspectratio>
					<visible>Container.Content() | Container.Content(Files) | Container.Content(Games) | Container.Content(Genres) | Container.Content(Years) | Container.Content(Directors) | Container.Content(Studios) | Container.Content(Countries) | Container.Content(Tags) | Container.Content(Playlists)</visible>
				</control>
				<control type="image">
					<left>10</left>
					<top>205</top>
					<width>200</width>
					<height>45</height>
					<texture colordiffuse="40000000">black.png</texture>
				</control>
				<control type="textbox">
					<left>10</left>
					<top>199</top>
					<width>200</width>
					<height>52</height>
					<font>font20_narrow</font>
					<selectedcolor>selected</selectedcolor>
					<align>center</align>
					<aligny>center</aligny>
					<label>$INFO[ListItem.Label]</label>
				</control>
				<control type="image">
					<left>180</left>
					<top>2</top>
					<width>30</width>
					<height>30</height>
					<aspectratio>keep</aspectratio>
					<texture>OverlayWatched.png</texture>
					<visible>Window.IsVisible(AddonBrowser) + String.IsEqual(ListItem.Label2,$LOCALIZE[305])</visible>
				</control>
				<control type="image">
					<left>182</left>
					<top>4</top>
					<width>26</width>
					<height>26</height>
					<aspectratio>keep</aspectratio>
					<texture>OverlayWatching.png</texture>
					<visible>ListItem.IsResumable</visible>
				</control>
				<control type="image">
					<left>180</left>
					<top>2</top>
					<width>30</width>
					<height>30</height>
					<texture>$INFO[ListItem.Overlay]</texture>
				</control>
			</itemlayout>
			<focusedlayout condition="!Container.Content(Movies) + !Container.Content(Seasons) + !Container.Content(Episodes) + !Container.Content(TVShows) + !Container.Content(MusicVideos) + !Container.Content(Videos)" height="250" width="218">
				<control type="image">
					<left>5</left>
					<top>0</top>
					<width>210</width>
					<height>255</height>
					<texture>button_nofocus.png</texture>
					<bordertexture border="6">panel_shadow.png</bordertexture>
					<bordersize>5</bordersize>
				</control>
				<control type="image">
					<left>10</left>
					<top>5</top>
					<width>200</width>
					<height>200</height>
					<texture background="true">$INFO[Listitem.Icon]</texture>
					<aspectratio>scale</aspectratio>
					<visible>Container.Content(Artists) | Container.Content(Albums) | Container.Content(Songs) | Container.Content(Addons) | Container.Content(Games) | Container.Content(Images) | Container.Content(Actors) | Container.Content(Sets)</visible>
				</control>
				<control type="image">
					<left>67</left>
					<top>62</top>
					<width>86</width>
					<height>86</height>
					<texture background="true">$INFO[Listitem.Icon]</texture>
					<aspectratio>keep</aspectratio>
					<visible>Container.Content() | Container.Content(Files) | Container.Content(Genres) | Container.Content(Years) | Container.Content(Directors) | Container.Content(Studios) | Container.Content(Countries) | Container.Content(Tags) | Container.Content(Playlists)</visible>
				</control>
				<control type="image">
					<left>10</left>
					<top>205</top>
					<width>200</width>
					<height>45</height>
					<texture colordiffuse="blue">white.png</texture>
				</control>
				<control type="textbox">
					<left>10</left>
					<top>199</top>
					<width>200</width>
					<height>52</height>
					<font>font20_narrow</font>
					<selectedcolor>selected</selectedcolor>
					<align>center</align>
					<aligny>center</aligny>
					<label>$INFO[ListItem.Label]</label>
				</control>
				<control type="image">
					<left>180</left>
					<top>2</top>
					<width>30</width>
					<height>30</height>
					<aspectratio>keep</aspectratio>
					<texture>OverlayWatched.png</texture>
					<visible>Window.IsVisible(AddonBrowser) + String.IsEqual(ListItem.Label2,$LOCALIZE[305])</visible>
				</control>
				<control type="image">
					<left>182</left>
					<top>4</top>
					<width>26</width>
					<height>26</height>
					<aspectratio>keep</aspectratio>
					<texture>OverlayWatching.png</texture>
					<visible>ListItem.IsResumable</visible>
				</control>
				<control type="image">
					<left>180</left>
					<top>2</top>
					<width>30</width>
					<height>30</height>
					<texture>$INFO[ListItem.Overlay]</texture>
					<visible>!ListItem.IsResumable</visible>
				</control>
			</focusedlayout>
			<itemlayout condition="Container.Content(Movies) | Container.Content(Seasons) | Container.Content(TVShows)" height="375" width="218">
				<control type="image">
					<left>5</left>
					<top>0</top>
					<width>210</width>
					<height>355</height>
					<texture>button_nofocus.png</texture>
					<bordertexture border="6">panel_shadow.png</bordertexture>
					<bordersize>5</bordersize>
				</control>
				<control type="image">
					<left>10</left>
					<top>5</top>
					<width>200</width>
					<height>300</height>
					<texture background="true">$VAR[PosterThumb]</texture>
					<aspectratio>stretch</aspectratio>
				</control>
				<control type="image">
					<left>10</left>
					<top>305</top>
					<width>200</width>
					<height>45</height>
					<texture colordiffuse="40000000">black.png</texture>
				</control>
				<control type="textbox">
					<left>10</left>
					<top>299</top>
					<width>200</width>
					<height>52</height>
					<font>font20_narrow</font>
					<selectedcolor>selected</selectedcolor>
					<align>center</align>
					<aligny>center</aligny>
					<label>$INFO[ListItem.Label]</label>
				</control>
				<control type="image">
					<left>170</left>
					<top>11</top>
					<width>40</width>
					<height>30</height>
					<texture>$INFO[ListItem.VideoResolution,flagging/resolution/,.png]</texture>
				</control>
				<control type="image">
					<left>170</left>
					<top>11</top>
					<width>40</width>
					<height>30</height>
					<texture>flagging/source/Set.png</texture>
					<visible>ListItem.IsCollection</visible>
				</control>
				<control type="image">
					<left>172</left>
					<top>262</top>
					<width>26</width>
					<height>26</height>
					<aspectratio>keep</aspectratio>
					<texture>OverlayWatching.png</texture>
					<visible>ListItem.IsResumable</visible>
				</control>
				<control type="image">
					<left>170</left>
					<top>260</top>
					<width>30</width>
					<height>30</height>
					<texture>$INFO[ListItem.Overlay]</texture>
					<visible>!ListItem.IsResumable</visible>
				</control>
			</itemlayout>
			<focusedlayout condition="Container.Content(Movies) | Container.Content(Seasons) | Container.Content(TVShows)" height="375" width="218">
				<control type="image">
					<left>5</left>
					<top>0</top>
					<width>210</width>
					<height>355</height>
					<texture>button_nofocus.png</texture>
					<bordertexture border="6">panel_shadow.png</bordertexture>
					<bordersize>5</bordersize>
				</control>
				<control type="image">
					<left>10</left>
					<top>5</top>
					<width>200</width>
					<height>300</height>
					<texture background="true">$VAR[PosterThumb]</texture>
					<aspectratio>stretch</aspectratio>
				</control>
				<control type="image">
					<left>10</left>
					<top>305</top>
					<width>200</width>
					<height>45</height>
					<texture colordiffuse="blue">white.png</texture>
				</control>
				<control type="textbox">
					<left>10</left>
					<top>299</top>
					<width>200</width>
					<height>52</height>
					<font>font20_narrow</font>
					<selectedcolor>selected</selectedcolor>
					<align>center</align>
					<aligny>center</aligny>
					<label>$INFO[ListItem.Label]</label>
				</control>
				<control type="image">
					<left>170</left>
					<top>11</top>
					<width>40</width>
					<height>30</height>
					<texture>$INFO[ListItem.VideoResolution,flagging/resolution/,.png]</texture>
				</control>
				<control type="image">
					<left>170</left>
					<top>11</top>
					<width>40</width>
					<height>30</height>
					<texture>flagging/source/Set.png</texture>
					<visible>ListItem.IsCollection</visible>
				</control>
				<control type="image">
					<left>172</left>
					<top>262</top>
					<width>26</width>
					<height>26</height>
					<aspectratio>keep</aspectratio>
					<texture>OverlayWatching.png</texture>
					<visible>ListItem.IsResumable</visible>
				</control>
				<control type="image">
					<left>170</left>
					<top>260</top>
					<width>30</width>
					<height>30</height>
					<texture>$INFO[ListItem.Overlay]</texture>
					<visible>!ListItem.IsResumable</visible>
				</control>
			</focusedlayout>
			<itemlayout condition="Container.Content(Episodes) | Container.Content(MusicVideos) | Container.Content(Videos)" height="250" width="$PARAM[layout-width]">
				<control type="image">
					<left>0</left>
					<top>0</top>
					<width>308</width>
					<height>223</height>
					<texture>button_nofocus.png</texture>
					<bordertexture border="6">panel_shadow.png</bordertexture>
					<bordersize>5</bordersize>
				</control>
				<control type="image">
					<left>5</left>
					<top>5</top>
					<width>298</width>
					<height>168</height>
					<aspectratio>scale</aspectratio>
					<texture background="true">$INFO[Listitem.Icon]</texture>
				</control>
				<control type="image">
					<left>5</left>
					<top>173</top>
					<width>298</width>
					<height>45</height>
					<texture colordiffuse="40000000">black.png</texture>
				</control>
				<control type="textbox">
					<left>5</left>
					<top>167</top>
					<width>298</width>
					<height>52</height>
					<font>font20_narrow</font>
					<selectedcolor>selected</selectedcolor>
					<align>center</align>
					<aligny>center</aligny>
					<label>$INFO[ListItem.Label]</label>
				</control>
				<control type="image">
					<left>258</left>
					<top>10</top>
					<width>40</width>
					<height>30</height>
					<texture>$INFO[ListItem.VideoResolution,flagging/resolution/,.png]</texture>
				</control>
				<control type="image">
					<left>265</left>
					<top>147</top>
					<width>26</width>
					<height>26</height>
					<aspectratio>keep</aspectratio>
					<texture>OverlayWatching.png</texture>
					<visible>ListItem.IsResumable</visible>
				</control>
				<control type="image">
					<left>263</left>
					<top>145</top>
					<width>30</width>
					<height>30</height>
					<texture>$INFO[ListItem.Overlay]</texture>
					<visible>!ListItem.IsResumable</visible>
				</control>
			</itemlayout>
			<focusedlayout condition="Container.Content(Episodes) | Container.Content(MusicVideos) | Container.Content(Videos)" height="250" width="$PARAM[layout-width]">
				<control type="image">
					<left>0</left>
					<top>0</top>
					<width>308</width>
					<height>223</height>
					<texture>button_nofocus.png</texture>
					<bordertexture border="6">panel_shadow.png</bordertexture>
					<bordersize>5</bordersize>
				</control>
				<control type="image">
					<left>5</left>
					<top>5</top>
					<width>298</width>
					<height>168</height>
					<aspectratio>scale</aspectratio>
					<texture background="true">$INFO[Listitem.Icon]</texture>
				</control>
				<control type="image">
					<left>5</left>
					<top>173</top>
					<width>298</width>
					<height>45</height>
					<texture colordiffuse="blue">white.png</texture>
				</control>
				<control type="textbox">
					<left>5</left>
					<top>167</top>
					<width>298</width>
					<height>52</height>
					<font>font20_narrow</font>
					<selectedcolor>selected</selectedcolor>
					<align>center</align>
					<aligny>center</aligny>
					<label>$INFO[ListItem.Label]</label>
				</control>
				<control type="image">
					<left>258</left>
					<top>10</top>
					<width>40</width>
					<height>30</height>
					<texture>$INFO[ListItem.VideoResolution,flagging/resolution/,.png]</texture>
				</control>
				<control type="image">
					<left>265</left>
					<top>147</top>
					<width>26</width>
					<height>26</height>
					<aspectratio>keep</aspectratio>
					<texture>OverlayWatching.png</texture>
					<visible>ListItem.IsResumable</visible>
				</control>
				<control type="image">
					<left>263</left>
					<top>145</top>
					<width>30</width>
					<height>30</height>
					<texture>$INFO[ListItem.Overlay]</texture>
					<visible>!ListItem.IsResumable</visible>
				</control>
			</focusedlayout>
		</control>
	</include>
</includes>
