<?xml version="1.0" encoding="UTF-8"?>
<window>
	<defaultcontrol always="true"></defaultcontrol>
	<include>16x9_xPos_Relocation</include>
	
	<coordinates>
		<left>15</left>
		<top>170</top>
	</coordinates>
	<controls>
		<include>BehindDialogFadeOut</include>
		<control type="image">
			<left>0</left>
			<top>0</top>
			<width>1250</width>
			<height>60</height>
			<texture border="5">dialog_header.png</texture>
		</control>
		<control type="label">
			<description>header label</description>
			<left>20</left>
			<top>0</top>
			<include>WindowTitleCommons</include>
			<width>1160</width>
			<label>$LOCALIZE[24003]</label>
		</control>
		<control type="group">
			<left>1180</left>
			<top>0</top>
			<include>DialogCloseButtonCommons</include>
		</control>
		<control type="image">
			<left>0</left>
			<top>60</top>
			<width>1250</width>
			<height>560</height>
			<texture>dialog_back.png</texture>
		</control>
		<control type="group">
			<top>70</top>
			<left>20</left>
			<control type="label">
				<description>Addon Title value</description>
				<left>20</left>
				<top>0</top>
				<width>1210</width>
				<height>30</height>
				<align>center</align>
				<aligny>center</aligny>
				<font>font28_title</font>
				<label>$INFO[ListItem.AddonName]</label>
				<scroll>true</scroll>
			</control>
			<control type="image">
				<left>0</left>
				<top>40</top>
				<width>260</width>
				<height>300</height>
				<aspectratio>keep</aspectratio>
				<texture background="true">$INFO[ListItem.Icon]</texture>
			</control>
			<control type="label">
				<left>280</left>
				<top>50</top>
				<width>660</width>
				<height>30</height>
				<font>font20_title</font>
				<align>left</align>
				<aligny>center</aligny>
				<label>$LOCALIZE[21821]$INFO[Container(601).CurrentPage, ( $LOCALIZE[31024] ]$INFO[Container(601).NumPages,/, )]</label>
			</control>
			<control type="textbox" id="601">
				<description>Description Value for Albums</description>
				<left>280</left>
				<top>82</top>
				<width>660</width>
				<height>230</height>
				<font>font20</font>
				<pagecontrol></pagecontrol>
				<label>$INFO[ListItem.AddonDescription]</label>
			</control>
			<control type="image">
				<left>0</left>
				<top>340</top>
				<width>940</width>
				<height>2</height>
				<texture border="2">separator.png</texture>
			</control>
			<control type="group">
				<left>0</left>
				<top>360</top>
				<control type="label">
					<description>Type txt</description>
					<left>200</left>
					<top>0</top>
					<width>200</width>
					<height>25</height>
					<label>$LOCALIZE[146]</label>
					<align>right</align>
					<aligny>center</aligny>
					<font>font20_title</font>
				</control>
				<control type="label">
					<description>Type Value</description>
					<left>210</left>
					<top>0</top>
					<width>730</width>
					<height>25</height>
					<label fallback="10005">$INFO[ListItem.AddonType]</label>
					<align>left</align>
					<aligny>center</aligny>
					<font>font20</font>
					<scroll>true</scroll>
				</control>
				<control type="label">
					<description>Author txt</description>
					<left>200</left>
					<top>30</top>
					<width>200</width>
					<height>25</height>
					<label>$LOCALIZE[21863]:</label>
					<align>right</align>
					<aligny>center</aligny>
					<font>font20_title</font>
				</control>
				<control type="label">
					<description>Author Value</description>
					<left>210</left>
					<top>30</top>
					<width>730</width>
					<height>25</height>
					<label fallback="10005">$INFO[ListItem.AddonCreator]</label>
					<align>left</align>
					<aligny>center</aligny>
					<font>font20</font>
					<scroll>true</scroll>
				</control>
				<control type="label">
					<description>Version txt</description>
					<left>200</left>
					<top>60</top>
					<width>200</width>
					<height>25</height>
					<label>$LOCALIZE[24051]</label>
					<align>right</align>
					<aligny>center</aligny>
					<font>font20_title</font>
				</control>
				<control type="label">
					<description>Version Value</description>
					<left>210</left>
					<top>60</top>
					<width>730</width>
					<height>25</height>
					<label fallback="10005">$INFO[ListItem.AddonVersion]</label>
					<align>left</align>
					<aligny>center</aligny>
					<font>font20</font>
					<scroll>true</scroll>
				</control>
				<control type="label">
					<description>Summary txt</description>
					<left>200</left>
					<top>90</top>
					<width>200</width>
					<height>25</height>
					<label>$LOCALIZE[20037]:</label>
					<align>right</align>
					<aligny>center</aligny>
					<font>font20_title</font>
				</control>
				<control type="fadelabel">
					<description>Summary Value</description>
					<left>210</left>
					<top>90</top>
					<width>730</width>
					<height>25</height>
					<label fallback="10005">$INFO[ListItem.AddonSummary]</label>
					<align>left</align>
					<aligny>center</aligny>
					<font>font20</font>
					<scrollout>false</scrollout>
					<pauseatend>2000</pauseatend>
				</control>
				<control type="label">
					<description>Disclaimer txt</description>
					<left>200</left>
					<top>120</top>
					<width>200</width>
					<height>25</height>
					<label>$LOCALIZE[24052]:</label>
					<align>right</align>
					<aligny>center</aligny>
					<font>font20_title</font>
					<textcolor>selected</textcolor>
					<visible>String.IsEmpty(ListItem.AddonBroken)</visible>
				</control>
				<control type="textbox">
					<description>Disclaimer</description>
					<left>210</left>
					<top>117</top>
					<width>730</width>
					<height>50</height>
					<font>font20</font>
					<label fallback="231">$INFO[ListItem.AddonDisclaimer]</label>
					<textcolor>selected</textcolor>
					<autoscroll time="2000" delay="3000" repeat="5000">true</autoscroll>
					<visible>String.IsEmpty(ListItem.AddonBroken)</visible>
				</control>
				<control type="label">
					<description>Broken label</description>
					<left>200</left>
					<top>120</top>
					<width>200</width>
					<height>25</height>
					<font>font20_title</font>
					<label>$LOCALIZE[24098]:</label>
					<align>right</align>
					<aligny>center</aligny>
					<textcolor>selected</textcolor>
					<visible>!String.IsEmpty(ListItem.AddonBroken)</visible>
				</control>
				<control type="textbox">
					<description>Reason label</description>
					<left>210</left>
					<top>117</top>
					<width>730</width>
					<height>50</height>
					<font>font20</font>
					<label>$INFO[ListItem.Addonbroken]</label>
					<align>left</align>
					<aligny>center</aligny>
					<textcolor>selected</textcolor>
					<autoscroll time="2000" delay="3000" repeat="5000">true</autoscroll>
					<visible>!String.IsEmpty(ListItem.AddonBroken)</visible>
				</control>
			</control>
		</control>
		<control type="grouplist" id="9000">
			<left>980</left>
			<top>120</top>
			<width>250</width>
			<height>490</height>
			<onleft>9000</onleft>
			<onright>9000</onright>
			<onup>50</onup>
			<ondown>49</ondown>
			<control type="button" id ="6">
				<description>Enable Addon button</description>
				<width>250</width>
				<include>ButtonInfoDialogsCommonValues</include>
				<label>24022</label>
			</control>
			<control type="button" id="7">
				<description>Disable Addon button</description>
				<width>250</width>
				<include>ButtonInfoDialogsCommonValues</include>
				<label>24021</label>
			</control>
			<control type="button" id="9">
				<description>Addon Settings</description>
				<width>250</width>
				<include>ButtonInfoDialogsCommonValues</include>
				<label>24020</label>
			</control>
			<control type="button" id="8">
				<description>Update Addon button</description>
				<width>250</width>
				<include>ButtonInfoDialogsCommonValues</include>
				<label>24069</label>
			</control>
			<control type="radiobutton" id="13">
				<description>Auto-Update button</description>
				<width>250</width>
				<align>left</align>
				<include>ButtonInfoDialogsCommonValues</include>
				<label>21340</label>
			</control>
			<control type="button" id="12">
				<description>Changelog button</description>
				<width>250</width>
				<include>ButtonInfoDialogsCommonValues</include>
				<label></label>
			</control>
		</control>
	</controls>
</window>
