<colors>
	<!-- colors for settings area -->
	<color name="white">FFF0F0F0</color>
	<color name="lightgrey">FFD0D0D0</color>
	<color name="grey">FFA0A0A0</color>
	<color name="grey2">FF777777</color>
	<color name="grey3">FF2C2C2C</color>
	<color name="black">FF000000</color>
	<color name="blue">FF12B2E7</color>
	<color name="selected">FF11E7B1</color>

	<!-- colors for main clock display -->
	<color name="mainclock">D0FFFFFF</color>
	<color name="indoortemp">D0BDB76B</color>
	<color name="indoorhumidity">D0BDB76B</color>
	<color name="outdoortemp">D0008001</color>
	<color name="outdoorhumidity">D0008001</color>
	<color name="hightemp">D0FE0000</color>
	<color name="lowtemp">D01F90FF</color>
	<color name="sunrise">D0FEFACD</color>
	<color name="sunset">D0FA8171</color>
	<color name="wind">D0DAA521</color>
	<color name="pressure">D0FFFFFF</color>	
	<color name="humidity">D0ADD9E6</color>	
</colors>
